chrisimmler,3,chrisimmler
instagram,2,chrisimmler
sunset,2,chrisimmler
line,1,chrisimmler
mg5468,1,chrisimmler
mg6505,1,chrisimmler
coronas,1,chrisimmler
mg9726,1,chrisimmler
rain,1,chrisimmler
ininstagram,1,chrisimmler
mg3729,1,chrisimmler
dry,1,chrisimmler
mg9736,1,chrisimmler
getting,1,chrisimmler
shower,1,chrisimmler
ci5871,1,chrisimmler
mg1897,1,chrisimmler
mg5814,1,chrisimmler
meteor,1,chrisimmler
ripples,1,chrisimmler
posbank,4,Mario Visser
sunrise,3,Mario Visser
purple,2,Mario Visser
colors,2,Mario Visser
nijmegen,2,Mario Visser
kinderdijk,2,Mario Visser
city,2,Mario Visser
misty,2,Mario Visser
de,1,Mario Visser
dutch,1,Mario Visser
schloss,1,Mario Visser
plane,1,Mario Visser
dreamy,1,Mario Visser
path,1,Mario Visser
hatertse,1,Mario Visser
oversteek,1,Mario Visser
vennen,1,Mario Visser
last,1,Mario Visser
watching,1,Mario Visser
frozen,1,Mario Visser
